{"cameraMode":{"drawMode":0,"name":"Shaded","section":"Shading Mode"},"sceneLighting":true,"audioPlay":false,"sceneViewState":{"showFog":true,"showMaterialUpdate":false,"showSkybox":true,"showFlares":true,"showImageEffects":true,"showParticleSystems":true,"showVisualEffectGraphs":true,"m_FxEnabled":true},"in2DMode":false,"pivot":{"x":22.28635597229004,"y":11.155614852905274,"z":-17.612327575683595},"rotation":{"x":0.00449854601174593,"y":0.04047864302992821,"z":0.00013589656737167388,"w":-0.9992005825042725},"size":4.455357074737549,"orthographic":false}