{"cameraMode":{"drawMode":0,"name":"Shaded","section":"Shading Mode"},"sceneLighting":false,"audioPlay":false,"sceneViewState":{"showFog":true,"showMaterialUpdate":false,"showSkybox":false,"showFlares":true,"showImageEffects":true,"showParticleSystems":true,"showVisualEffectGraphs":true,"m_FxEnabled":true},"in2DMode":false,"pivot":{"x":0.05000000074505806,"y":1.2510000467300416,"z":0.5220000147819519},"rotation":{"x":-0.013479762710630894,"y":0.05096274986863136,"z":-0.0007360933814197779,"w":-0.9986395239830017},"size":0.0579327754676342,"orthographic":false}