{"cameraMode":{"drawMode":0,"name":"Shaded","section":"Shading Mode"},"sceneLighting":false,"audioPlay":false,"sceneViewState":{"showFog":true,"showMaterialUpdate":false,"showSkybox":false,"showFlares":true,"showImageEffects":true,"showParticleSystems":true},"in2DMode":false,"pivot":{"x":0.1535000205039978,"y":1.2074999809265137,"z":-3.1700000762939455},"rotation":{"x":0.0012815515510737897,"y":-0.9936274886131287,"z":0.11225687712430954,"w":0.011326602660119534},"size":1.4827401638031006,"orthographic":false}