{"cameraMode":{"drawMode":0,"name":"Shaded","section":"Shading Mode"},"sceneLighting":true,"audioPlay":false,"sceneViewState":{"showFog":true,"showMaterialUpdate":false,"showSkybox":true,"showFlares":true,"showImageEffects":true,"showParticleSystems":true},"in2DMode":false,"pivot":{"x":-2.76070499420166,"y":1.655348777770996,"z":2.4481120109558107},"rotation":{"x":-0.0037021106109023096,"y":-0.8278558850288391,"z":0.5609145164489746,"w":-0.005466354079544544},"size":4.207394599914551,"orthographic":false}