{"cameraMode":{"drawMode":0,"name":"Shaded","section":"Shading Mode"},"sceneLighting":true,"audioPlay":false,"sceneViewState":{"showFog":true,"showMaterialUpdate":false,"showSkybox":true,"showFlares":true,"showImageEffects":true,"showParticleSystems":true},"in2DMode":false,"pivot":{"x":-10.597086906433106,"y":-1.7785742282867432,"z":-3.686706304550171},"rotation":{"x":0.0748564749956131,"y":-0.8219066262245178,"z":0.11113537847995758,"w":0.5536479949951172},"size":6.860793113708496,"orthographic":false}